Workbook

Sheet WAC(%)
A1: Treatment | B1: INPUT HERE!!! | C1: Mean | D1: (xi-Mean) | E1: (xi-Mean)^2 | F1: SD | G1: %CV
A2: 1 | B2: 285.06 | C2: =(SUM(B2:B4)/3) -> 296.39333 | D2: =(B2-C2) -> -11.333333 | E2: =(D2*D2) -> 128.44444 | F2: =(SQRT(SUM(E2:E4)/2)) -> 11.255818 | G2: =((F2/C2)*100) -> 3.7975948
B3: 296.55 | D3: =(B3-C2) -> 0.15666667 | E3: =(D3*D3) -> 0.024544444
B4: 307.57 | D4: =(B4-C2) -> 11.176667 | E4: =(D4*D4) -> 124.91788
A5: 2 | B5: 330.67 | C5: =(SUM(B5:B7)/3) -> 301.90333 | D5: =(B5-C$5) -> 28.766667 | E5: =(D5*D5) -> 827.52111 | F5: =(SQRT(SUM(E5:E7)/2)) -> 28.421528 | G5: =((F5/C5)*100) -> 9.4141152
B6: 273.84 | D6: =(B6-C$5) -> -28.063333 | E6: =(D6*D6) -> 787.55068
B7: 301.2 | D7: =(B7-C$5) -> -0.70333333 | E7: =(D7*D7) -> 0.49467778
A8: 3 | B8: 328.73 | C8: =(SUM(B8:B10)/3) -> 333.22333 | D8: =(B8-C$8) -> -4.4933333 | E8: =(D8*D8) -> 20.190044 | F8: =(SQRT(SUM(E8:E10)/2)) -> 10.007544 | G8: =((F8/C8)*100) -> 3.0032542
B9: 344.69 | D9: =(B9-C$8) -> 11.466667 | E9: =(D9*D9) -> 131.48444
B10: 326.25 | D10: =(B10-C$8) -> -6.9733333 | E10: =(D10*D10) -> 48.627378
A11: 4 | B11: 347.16 | C11: =(SUM(B11:B13)/3) -> 341.20667 | D11: =(B11-C$11) -> 5.9533333 | E11: =(D11*D11) -> 35.442178 | F11: =(SQRT(SUM(E11:E13)/2)) -> 5.3695096 | G11: =((F11/C11)*100) -> 1.5736825
B12: 339.73 | D12: =(B12-C$11) -> -1.4766667 | E12: =(D12*D12) -> 2.1805444
B13: 336.73 | D13: =(B13-C$11) -> -4.4766667 | E13: =(D13*D13) -> 20.040544
A14: 5 | B14: 360.62 | C14: =(SUM(B14:B16)/3) -> 364.27 | D14: =(B14-C$14) -> -3.65 | E14: =(D14*D14) -> 13.3225 | F14: =(SQRT(SUM(E14:E16)/2)) -> 5.1414881 | G14: =((F14/C14)*100) -> 1.4114498
B15: 362.04 | D15: =(B15-C$14) -> -2.23 | E15: =(D15*D15) -> 4.9729
B16: 370.15 | D16: =(B16-C$14) -> 5.88 | E16: =(D16*D16) -> 34.5744
A17: 6 | B17: 293.91 | C17: =(SUM(B17:B19)/3) -> 304.82667 | D17: =(B17-C$17) -> -10.916667 | E17: =(D17*D17) -> 119.17361 | F17: =(SQRT(SUM(E17:E19)/2)) -> 10.058799 | G17: =((F17/C17)*100) -> 3.2998421
B18: 313.72 | D18: =(B18-C$17) -> 8.8933333 | E18: =(D18*D18) -> 79.091378
B19: 306.85 | D19: =(B19-C$17) -> 2.0233333 | E19: =(D19*D19) -> 4.0938778
A20: 7 | B20: 297.46 | C20: =(SUM(B20:B22)/3) -> 301.20333 | D20: =(B20-C$20) -> -3.7433333 | E20: =(D20*D20) -> 14.012544 | F20: =(SQRT(SUM(E20:E22)/2)) -> 9.7591718 | G20: =((F20/C20)*100) -> 3.240061
B21: 293.87 | D21: =(B21-C$20) -> -7.3333333 | E21: =(D21*D21) -> 53.777778
B22: 312.28 | D22: =(B22-C$20) -> 11.076667 | E22: =(D22*D22) -> 122.69254
A23: 8 | B23: 287.78 | C23: =(SUM(B23:B25)/3) -> 291.79333 | D23: =(B23-C$23) -> -4.0133333 | E23: =(D23*D23) -> 16.106844 | F23: =(SQRT(SUM(E23:E25)/2)) -> 3.592803 | G23: =((F23/C23)*100) -> 1.2312834
B24: 292.89 | D24: =(B24-C$23) -> 1.0966667 | E24: =(D24*D24) -> 1.2026778
B25: 294.71 | D25: =(B25-C$23) -> 2.9166667 | E25: =(D25*D25) -> 8.5069444
A26: 9 | B26: 247.09 | C26: =(SUM(B26:B28)/3) -> 281.96333 | D26: =(B26-C$26) -> -34.873333 | E26: =(D26*D26) -> 1216.1494 | F26: =(SQRT(SUM(E26:E28)/2)) -> 30.223079 | G26: =((F26/C26)*100) -> 10.718798
B27: 298.25 | D27: =(B27-C$26) -> 16.286667 | E27: =(D27*D27) -> 265.25551
B28: 300.55 | D28: =(B28-C$26) -> 18.586667 | E28: =(D28*D28) -> 345.46418
A29: 0 | B29: 360.62
A30: 0 | B30: 362.04
A31: 0 | B31: 370.15

Sheet Color
A1: L | I1: a* | Q1: b* | Y1: C | AG1: H | AO1: Delta_E
A2: Treatment | B2: INPUT HERE!!! | C2: Mean | D2: (xi-Mean) | E2: (xi-Mean)^2 | F2: SD | G2: %CV | I2: Treatment | J2: INPUT HERE!!! | K2: Mean | L2: (xi-Mean) | M2: (xi-Mean)^2 | N2: SD | O2: %CV | Q2: Treatment | R2: INPUT HERE!!! | S2: Mean | T2: (xi-Mean) | U2: (xi-Mean)^2 | V2: SD | W2: %CV | Y2: Treatment | Z2: INPUT HERE!!! | AA2: Mean | AB2: (xi-Mean) | AC2: (xi-Mean)^2 | AD2: SD | AE2: %CV | AG2: Treatment | AH2: INPUT HERE!!! | AI2: Mean | AJ2: (xi-Mean) | AK2: (xi-Mean)^2 | AL2: SD | AM2: %CV | AO2: Treatment | AP2: INPUT HERE!!! | AQ2: Mean | AR2: (xi-Mean) | AS2: (xi-Mean)^2 | AT2: SD | AU2: %CV
A3: 1 | B3: 62.48 | C3: =(SUM(B3:B5)/3) -> 62.083333 | D3: =(B3-C3) -> 0.39666667 | E3: =(D3*D3) -> 0.15734444 | F3: =(SQRT(SUM(E3:E5)/2)) -> 0.41064989 | G3: =((F3/C3)*100) -> 0.66144949 | I3: 1 | J3: 3.69 | K3: =(SUM(J3:J5)/3) -> 3.7833333 | L3: =(J3-K3) -> -0.093333333 | M3: =(L3*L3) -> 0.0087111111 | N3: =(SQRT(SUM(M3:M5)/2)) -> 0.086216781 | O3: =((N3/K3)*100) -> 2.2788576 | Q3: 1 | R3: 17.21 | S3: =(SUM(R3:R5)/3) -> 17.326667 | T3: =(R3-S3) -> -0.11666667 | U3: =(T3*T3) -> 0.013611111 | V3: =(SQRT(SUM(U3:U5)/2)) -> 0.14571662 | W3: =((V3/S3)*100) -> 0.84099627 | Y3: 1 | AA3: =(SUM(Z3:Z5)/3) -> 0 | AB3: =(Z3-AA3) -> 0 | AC3: =(AB3*AB3) -> 0 | AD3: =(SQRT(SUM(AC3:AC5)/2)) -> 0 | AE3: =((AD3/AA3)*100) -> #DIV/0! | AG3: 1 | AI3: =(SUM(AH3:AH5)/3) -> 0 | AJ3: =(AH3-AI3) -> 0 | AK3: =(AJ3*AJ3) -> 0 | AL3: =(SQRT(SUM(AK3:AK5)/2)) -> 0 | AM3: =((AL3/AI3)*100) -> #DIV/0! | AO3: 1 | AQ3: =(SUM(AP3:AP5)/3) -> 0 | AR3: =(AP3-AQ3) -> 0 | AS3: =(AR3*AR3) -> 0 | AT3: =(SQRT(SUM(AS3:AS5)/2)) -> 0 | AU3: =((AT3/AQ3)*100) -> #DIV/0!
B4: 62.11 | D4: =(B4-C3) -> 0.026666667 | E4: =(D4*D4) -> 0.00071111111 | J4: 3.8 | L4: =(J4-K3) -> 0.016666667 | M4: =(L4*L4) -> 0.00027777778 | R4: 17.49 | T4: =(R4-S3) -> 0.16333333 | U4: =(T4*T4) -> 0.026677778 | AB4: =(Z4-AA3) -> 0 | AC4: =(AB4*AB4) -> 0 | AJ4: =(AH4-AI3) -> 0 | AK4: =(AJ4*AJ4) -> 0 | AR4: =(AP4-AQ3) -> 0 | AS4: =(AR4*AR4) -> 0
B5: 61.66 | D5: =(B5-C3) -> -0.42333333 | E5: =(D5*D5) -> 0.17921111 | J5: 3.86 | L5: =(J5-K3) -> 0.076666667 | M5: =(L5*L5) -> 0.0058777778 | R5: 17.28 | T5: =(R5-S3) -> -0.046666667 | U5: =(T5*T5) -> 0.0021777778 | AB5: =(Z5-AA3) -> 0 | AC5: =(AB5*AB5) -> 0 | AJ5: =(AH5-AI3) -> 0 | AK5: =(AJ5*AJ5) -> 0 | AR5: =(AP5-AQ3) -> 0 | AS5: =(AR5*AR5) -> 0
A6: 2 | B6: 62.04 | C6: =(SUM(B6:B8)/3) -> 61.873333 | D6: =(B6-C$6) -> 0.16666667 | E6: =(D6*D6) -> 0.027777778 | F6: =(SQRT(SUM(E6:E8)/2)) -> 0.20108042 | G6: =((F6/C6)*100) -> 0.3249872 | I6: 2 | J6: 4 | K6: =(SUM(J6:J8)/3) -> 4.06 | L6: =(J6-K$6) -> -0.06 | M6: =(L6*L6) -> 0.0036 | N6: =(SQRT(SUM(M6:M8)/2)) -> 0.14933185 | O6: =((N6/K6)*100) -> 3.6781243 | Q6: 2 | R6: 17.6 | S6: =(SUM(R6:R8)/3) -> 17.636667 | T6: =(R6-S$6) -> -0.036666667 | U6: =(T6*T6) -> 0.0013444444 | V6: =(SQRT(SUM(U6:U8)/2)) -> 0.055075705 | W6: =((V6/S6)*100) -> 0.31227956 | Y6: 2 | AA6: =(SUM(Z6:Z8)/3) -> 0 | AB6: =(Z6-AA$6) -> 0 | AC6: =(AB6*AB6) -> 0 | AD6: =(SQRT(SUM(AC6:AC8)/2)) -> 0 | AE6: =((AD6/AA6)*100) -> #DIV/0! | AG6: 2 | AI6: =(SUM(AH6:AH8)/3) -> 0 | AJ6: =(AH6-AI$6) -> 0 | AK6: =(AJ6*AJ6) -> 0 | AL6: =(SQRT(SUM(AK6:AK8)/2)) -> 0 | AM6: =((AL6/AI6)*100) -> #DIV/0! | AO6: 2 | AQ6: =(SUM(AP6:AP8)/3) -> 0 | AR6: =(AP6-AQ$6) -> 0 | AS6: =(AR6*AR6) -> 0 | AT6: =(SQRT(SUM(AS6:AS8)/2)) -> 0 | AU6: =((AT6/AQ6)*100) -> #DIV/0!
B7: 61.93 | D7: =(B7-C$6) -> 0.056666667 | E7: =(D7*D7) -> 0.0032111111 | J7: 3.95 | L7: =(J7-K$6) -> -0.11 | M7: =(L7*L7) -> 0.0121 | R7: 17.61 | T7: =(R7-S$6) -> -0.026666667 | U7: =(T7*T7) -> 0.00071111111 | AB7: =(Z7-AA$6) -> 0 | AC7: =(AB7*AB7) -> 0 | AJ7: =(AH7-AI$6) -> 0 | AK7: =(AJ7*AJ7) -> 0 | AR7: =(AP7-AQ$6) -> 0 | AS7: =(AR7*AR7) -> 0
B8: 61.65 | D8: =(B8-C$6) -> -0.22333333 | E8: =(D8*D8) -> 0.049877778 | J8: 4.23 | L8: =(J8-K$6) -> 0.17 | M8: =(L8*L8) -> 0.0289 | R8: 17.7 | T8: =(R8-S$6) -> 0.063333333 | U8: =(T8*T8) -> 0.0040111111 | AB8: =(Z8-AA$6) -> 0 | AC8: =(AB8*AB8) -> 0 | AJ8: =(AH8-AI$6) -> 0 | AK8: =(AJ8*AJ8) -> 0 | AR8: =(AP8-AQ$6) -> 0 | AS8: =(AR8*AR8) -> 0
A9: 3 | B9: 61.66 | C9: =(SUM(B9:B11)/3) -> 61.62 | D9: =(B9-C$9) -> 0.04 | E9: =(D9*D9) -> 0.0016 | F9: =(SQRT(SUM(E9:E11)/2)) -> 0.045825757 | G9: =((F9/C9)*100) -> 0.074368317 | I9: 3 | J9: 3.86 | K9: =(SUM(J9:J11)/3) -> 3.8633333 | L9: =(J9-K$9) -> -0.0033333333 | M9: =(L9*L9) -> 1.1111111e-05 | N9: =(SQRT(SUM(M9:M11)/2)) -> 0.0057735027 | O9: =((N9/K9)*100) -> 0.14944356 | Q9: 3 | R9: 17.22 | S9: =(SUM(R9:R11)/3) -> 17.23 | T9: =(R9-S$9) -> -0.01 | U9: =(T9*T9) -> 0.0001 | V9: =(SQRT(SUM(U9:U11)/2)) -> 0.017320508 | W9: =((V9/S9)*100) -> 0.10052529 | Y9: 3 | AA9: =(SUM(Z9:Z11)/3) -> 0 | AB9: =(Z9-AA$9) -> 0 | AC9: =(AB9*AB9) -> 0 | AD9: =(SQRT(SUM(AC9:AC11)/2)) -> 0 | AE9: =((AD9/AA9)*100) -> #DIV/0! | AG9: 3 | AI9: =(SUM(AH9:AH11)/3) -> 0 | AJ9: =(AH9-AI$9) -> 0 | AK9: =(AJ9*AJ9) -> 0 | AL9: =(SQRT(SUM(AK9:AK11)/2)) -> 0 | AM9: =((AL9/AI9)*100) -> #DIV/0! | AO9: 3 | AQ9: =(SUM(AP9:AP11)/3) -> 0 | AR9: =(AP9-AQ$9) -> 0 | AS9: =(AR9*AR9) -> 0 | AT9: =(SQRT(SUM(AS9:AS11)/2)) -> 0 | AU9: =((AT9/AQ9)*100) -> #DIV/0!
B10: 61.63 | D10: =(B10-C$9) -> 0.01 | E10: =(D10*D10) -> 0.0001 | J10: 3.87 | L10: =(J10-K$9) -> 0.0066666667 | M10: =(L10*L10) -> 4.4444444e-05 | R10: 17.25 | T10: =(R10-S$9) -> 0.02 | U10: =(T10*T10) -> 0.0004 | AB10: =(Z10-AA$9) -> 0 | AC10: =(AB10*AB10) -> 0 | AJ10: =(AH10-AI$9) -> 0 | AK10: =(AJ10*AJ10) -> 0 | AR10: =(AP10-AQ$9) -> 0 | AS10: =(AR10*AR10) -> 0
B11: 61.57 | D11: =(B11-C$9) -> -0.05 | E11: =(D11*D11) -> 0.0025 | J11: 3.86 | L11: =(J11-K$9) -> -0.0033333333 | M11: =(L11*L11) -> 1.1111111e-05 | R11: 17.22 | T11: =(R11-S$9) -> -0.01 | U11: =(T11*T11) -> 0.0001 | AB11: =(Z11-AA$9) -> 0 | AC11: =(AB11*AB11) -> 0 | AJ11: =(AH11-AI$9) -> 0 | AK11: =(AJ11*AJ11) -> 0 | AR11: =(AP11-AQ$9) -> 0 | AS11: =(AR11*AR11) -> 0
A12: 4 | B12: 61.63 | C12: =(SUM(B12:B14)/3) -> 61.29 | D12: =(B12-C$12) -> 0.34 | E12: =(D12*D12) -> 0.1156 | F12: =(SQRT(SUM(E12:E14)/2)) -> 0.29597297 | G12: =((F12/C12)*100) -> 0.48290581 | I12: 4 | J12: 3.76 | K12: =(SUM(J12:J14)/3) -> 3.6833333 | L12: =(J12-K$12) -> 0.076666667 | M12: =(L12*L12) -> 0.0058777778 | N12: =(SQRT(SUM(M12:M14)/2)) -> 0.14153916 | O12: =((N12/K12)*100) -> 3.8426921 | Q12: 4 | R12: 18.76 | S12: =(SUM(R12:R14)/3) -> 18.566667 | T12: =(R12-S$12) -> 0.19333333 | U12: =(T12*T12) -> 0.037377778 | V12: =(SQRT(SUM(U12:U14)/2)) -> 0.2532456 | W12: =((V12/S12)*100) -> 1.3639799 | Y12: 4 | AA12: =(SUM(Z12:Z14)/3) -> 0 | AB12: =(Z12-AA$12) -> 0 | AC12: =(AB12*AB12) -> 0 | AD12: =(SQRT(SUM(AC12:AC14)/2)) -> 0 | AE12: =((AD12/AA12)*100) -> #DIV/0! | AG12: 4 | AI12: =(SUM(AH12:AH14)/3) -> 0 | AJ12: =(AH12-AI$12) -> 0 | AK12: =(AJ12*AJ12) -> 0 | AL12: =(SQRT(SUM(AK12:AK14)/2)) -> 0 | AM12: =((AL12/AI12)*100) -> #DIV/0! | AO12: 4 | AQ12: =(SUM(AP12:AP14)/3) -> 0 | AR12: =(AP12-AQ$12) -> 0 | AS12: =(AR12*AR12) -> 0 | AT12: =(SQRT(SUM(AS12:AS14)/2)) -> 0 | AU12: =((AT12/AQ12)*100) -> #DIV/0!
B13: 61.09 | D13: =(B13-C$12) -> -0.2 | E13: =(D13*D13) -> 0.04 | J13: 3.77 | L13: =(J13-K$12) -> 0.086666667 | M13: =(L13*L13) -> 0.0075111111 | R13: 18.66 | T13: =(R13-S$12) -> 0.093333333 | U13: =(T13*T13) -> 0.0087111111 | AB13: =(Z13-AA$12) -> 0 | AC13: =(AB13*AB13) -> 0 | AJ13: =(AH13-AI$12) -> 0 | AK13: =(AJ13*AJ13) -> 0 | AR13: =(AP13-AQ$12) -> 0 | AS13: =(AR13*AR13) -> 0
B14: 61.15 | D14: =(B14-C$12) -> -0.14 | E14: =(D14*D14) -> 0.0196 | J14: 3.52 | L14: =(J14-K$12) -> -0.16333333 | M14: =(L14*L14) -> 0.026677778 | R14: 18.28 | T14: =(R14-S$12) -> -0.28666667 | U14: =(T14*T14) -> 0.082177778 | AB14: =(Z14-AA$12) -> 0 | AC14: =(AB14*AB14) -> 0 | AJ14: =(AH14-AI$12) -> 0 | AK14: =(AJ14*AJ14) -> 0 | AR14: =(AP14-AQ$12) -> 0 | AS14: =(AR14*AR14) -> 0
A15: 5 | B15: 60.63 | C15: =(SUM(B15:B17)/3) -> 60.503333 | D15: =(B15-C$15) -> 0.12666667 | E15: =(D15*D15) -> 0.016044444 | F15: =(SQRT(SUM(E15:E17)/2)) -> 0.19399313 | G15: =((F15/C15)*100) -> 0.32063213 | I15: 5 | J15: 3.71 | K15: =(SUM(J15:J17)/3) -> 3.76 | L15: =(J15-K$15) -> -0.05 | M15: =(L15*L15) -> 0.0025 | N15: =(SQRT(SUM(M15:M17)/2)) -> 0.055677644 | O15: =((N15/K15)*100) -> 1.4807884 | Q15: 5 | R15: 18.2 | S15: =(SUM(R15:R17)/3) -> 18.176667 | T15: =(R15-S$15) -> 0.023333333 | U15: =(T15*T15) -> 0.00054444444 | V15: =(SQRT(SUM(U15:U17)/2)) -> 0.032145503 | W15: =((V15/S15)*100) -> 0.17685037 | Y15: 5 | AA15: =(SUM(Z15:Z17)/3) -> 0 | AB15: =(Z15-AA$15) -> 0 | AC15: =(AB15*AB15) -> 0 | AD15: =(SQRT(SUM(AC15:AC17)/2)) -> 0 | AE15: =((AD15/AA15)*100) -> #DIV/0! | AG15: 5 | AI15: =(SUM(AH15:AH17)/3) -> 0 | AJ15: =(AH15-AI$15) -> 0 | AK15: =(AJ15*AJ15) -> 0 | AL15: =(SQRT(SUM(AK15:AK17)/2)) -> 0 | AM15: =((AL15/AI15)*100) -> #DIV/0! | AO15: 5 | AQ15: =(SUM(AP15:AP17)/3) -> 0 | AR15: =(AP15-AQ$15) -> 0 | AS15: =(AR15*AR15) -> 0 | AT15: =(SQRT(SUM(AS15:AS17)/2)) -> 0 | AU15: =((AT15/AQ15)*100) -> #DIV/0!
B16: 60.28 | D16: =(B16-C$15) -> -0.22333333 | E16: =(D16*D16) -> 0.049877778 | J16: 3.75 | L16: =(J16-K$15) -> -0.01 | M16: =(L16*L16) -> 0.0001 | R16: 18.14 | T16: =(R16-S$15) -> -0.036666667 | U16: =(T16*T16) -> 0.0013444444 | AB16: =(Z16-AA$15) -> 0 | AC16: =(AB16*AB16) -> 0 | AJ16: =(AH16-AI$15) -> 0 | AK16: =(AJ16*AJ16) -> 0 | AR16: =(AP16-AQ$15) -> 0 | AS16: =(AR16*AR16) -> 0
B17: 60.6 | D17: =(B17-C$15) -> 0.096666667 | E17: =(D17*D17) -> 0.0093444444 | J17: 3.82 | L17: =(J17-K$15) -> 0.06 | M17: =(L17*L17) -> 0.0036 | R17: 18.19 | T17: =(R17-S$15) -> 0.013333333 | U17: =(T17*T17) -> 0.00017777778 | AB17: =(Z17-AA$15) -> 0 | AC17: =(AB17*AB17) -> 0 | AJ17: =(AH17-AI$15) -> 0 | AK17: =(AJ17*AJ17) -> 0 | AR17: =(AP17-AQ$15) -> 0 | AS17: =(AR17*AR17) -> 0
A18: 6 | B18: 60.27 | C18: =(SUM(B18:B20)/3) -> 60.463333 | D18: =(B18-C$18) -> -0.19333333 | E18: =(D18*D18) -> 0.037377778 | F18: =(SQRT(SUM(E18:E20)/2)) -> 0.1900877 | G18: =((F18/C18)*100) -> 0.31438508 | I18: 6 | J18: 3.87 | K18: =(SUM(J18:J20)/3) -> 3.8766667 | L18: =(J18-K$18) -> -0.0066666667 | M18: =(L18*L18) -> 4.4444444e-05 | N18: =(SQRT(SUM(M18:M20)/2)) -> 0.011547005 | O18: =((N18/K18)*100) -> 0.29785912 | Q18: 6 | R18: 18.49 | S18: =(SUM(R18:R20)/3) -> 18.52 | T18: =(R18-S$18) -> -0.03 | U18: =(T18*T18) -> 0.0009 | V18: =(SQRT(SUM(U18:U20)/2)) -> 0.051961524 | W18: =((V18/S18)*100) -> 0.28056979 | Y18: 6 | AA18: =(SUM(Z18:Z20)/3) -> 0 | AB18: =(Z18-AA$18) -> 0 | AC18: =(AB18*AB18) -> 0 | AD18: =(SQRT(SUM(AC18:AC20)/2)) -> 0 | AE18: =((AD18/AA18)*100) -> #DIV/0! | AG18: 6 | AI18: =(SUM(AH18:AH20)/3) -> 0 | AJ18: =(AH18-AI$18) -> 0 | AK18: =(AJ18*AJ18) -> 0 | AL18: =(SQRT(SUM(AK18:AK20)/2)) -> 0 | AM18: =((AL18/AI18)*100) -> #DIV/0! | AO18: 6 | AQ18: =(SUM(AP18:AP20)/3) -> 0 | AR18: =(AP18-AQ$18) -> 0 | AS18: =(AR18*AR18) -> 0 | AT18: =(SQRT(SUM(AS18:AS20)/2)) -> 0 | AU18: =((AT18/AQ18)*100) -> #DIV/0!
B19: 60.47 | D19: =(B19-C$18) -> 0.0066666667 | E19: =(D19*D19) -> 4.4444444e-05 | J19: 3.89 | L19: =(J19-K$18) -> 0.013333333 | M19: =(L19*L19) -> 0.00017777778 | R19: 18.58 | T19: =(R19-S$18) -> 0.06 | U19: =(T19*T19) -> 0.0036 | AB19: =(Z19-AA$18) -> 0 | AC19: =(AB19*AB19) -> 0 | AJ19: =(AH19-AI$18) -> 0 | AK19: =(AJ19*AJ19) -> 0 | AR19: =(AP19-AQ$18) -> 0 | AS19: =(AR19*AR19) -> 0
B20: 60.65 | D20: =(B20-C$18) -> 0.18666667 | E20: =(D20*D20) -> 0.034844444 | J20: 3.87 | L20: =(J20-K$18) -> -0.0066666667 | M20: =(L20*L20) -> 4.4444444e-05 | R20: 18.49 | T20: =(R20-S$18) -> -0.03 | U20: =(T20*T20) -> 0.0009 | AB20: =(Z20-AA$18) -> 0 | AC20: =(AB20*AB20) -> 0 | AJ20: =(AH20-AI$18) -> 0 | AK20: =(AJ20*AJ20) -> 0 | AR20: =(AP20-AQ$18) -> 0 | AS20: =(AR20*AR20) -> 0
A21: 7 | B21: 59.35 | C21: =(SUM(B21:B23)/3) -> 60.03 | D21: =(B21-C$21) -> -0.68 | E21: =(D21*D21) -> 0.4624 | F21: =(SQRT(SUM(E21:E23)/2)) -> 0.58898217 | G21: =((F21/C21)*100) -> 0.98114638 | I21: 7 | J21: 4.97 | K21: =(SUM(J21:J23)/3) -> 4.95 | L21: =(J21-K$21) -> 0.02 | M21: =(L21*L21) -> 0.0004 | N21: =(SQRT(SUM(M21:M23)/2)) -> 0.034641016 | O21: =((N21/K21)*100) -> 0.69981851 | Q21: 7 | R21: 16.09 | S21: =(SUM(R21:R23)/3) -> 16.236667 | T21: =(R21-S$21) -> -0.14666667 | U21: =(T21*T21) -> 0.021511111 | V21: =(SQRT(SUM(U21:U23)/2)) -> 0.1274101 | W21: =((V21/S21)*100) -> 0.78470601 | Y21: 7 | AA21: =(SUM(Z21:Z23)/3) -> 0 | AB21: =(Z21-AA$21) -> 0 | AC21: =(AB21*AB21) -> 0 | AD21: =(SQRT(SUM(AC21:AC23)/2)) -> 0 | AE21: =((AD21/AA21)*100) -> #DIV/0! | AG21: 7 | AI21: =(SUM(AH21:AH23)/3) -> 0 | AJ21: =(AH21-AI$21) -> 0 | AK21: =(AJ21*AJ21) -> 0 | AL21: =(SQRT(SUM(AK21:AK23)/2)) -> 0 | AM21: =((AL21/AI21)*100) -> #DIV/0! | AO21: 7 | AQ21: =(SUM(AP21:AP23)/3) -> 0 | AR21: =(AP21-AQ$21) -> 0 | AS21: =(AR21*AR21) -> 0 | AT21: =(SQRT(SUM(AS21:AS23)/2)) -> 0 | AU21: =((AT21/AQ21)*100) -> #DIV/0!
B22: 60.36 | D22: =(B22-C$21) -> 0.33 | E22: =(D22*D22) -> 0.1089 | J22: 4.97 | L22: =(J22-K$21) -> 0.02 | M22: =(L22*L22) -> 0.0004 | R22: 16.3 | T22: =(R22-S$21) -> 0.063333333 | U22: =(T22*T22) -> 0.0040111111 | AB22: =(Z22-AA$21) -> 0 | AC22: =(AB22*AB22) -> 0 | AJ22: =(AH22-AI$21) -> 0 | AK22: =(AJ22*AJ22) -> 0 | AR22: =(AP22-AQ$21) -> 0 | AS22: =(AR22*AR22) -> 0
B23: 60.38 | D23: =(B23-C$21) -> 0.35 | E23: =(D23*D23) -> 0.1225 | J23: 4.91 | L23: =(J23-K$21) -> -0.04 | M23: =(L23*L23) -> 0.0016 | R23: 16.32 | T23: =(R23-S$21) -> 0.083333333 | U23: =(T23*T23) -> 0.0069444444 | AB23: =(Z23-AA$21) -> 0 | AC23: =(AB23*AB23) -> 0 | AJ23: =(AH23-AI$21) -> 0 | AK23: =(AJ23*AJ23) -> 0 | AR23: =(AP23-AQ$21) -> 0 | AS23: =(AR23*AR23) -> 0
A24: 8 | B24: 57.64 | C24: =(SUM(B24:B26)/3) -> 58.29 | D24: =(B24-C$24) -> -0.65 | E24: =(D24*D24) -> 0.4225 | F24: =(SQRT(SUM(E24:E26)/2)) -> 0.57262553 | G24: =((F24/C24)*100) -> 0.98237353 | I24: 8 | J24: 5.92 | K24: =(SUM(J24:J26)/3) -> 5.84 | L24: =(J24-K$24) -> 0.08 | M24: =(L24*L24) -> 0.0064 | N24: =(SQRT(SUM(M24:M26)/2)) -> 0.098488578 | O24: =((N24/K24)*100) -> 1.6864483 | Q24: 8 | R24: 16.22 | S24: =(SUM(R24:R26)/3) -> 16.413333 | T24: =(R24-S$24) -> -0.19333333 | U24: =(T24*T24) -> 0.037377778 | V24: =(SQRT(SUM(U24:U26)/2)) -> 0.36115555 | W24: =((V24/S24)*100) -> 2.2003791 | Y24: 8 | AA24: =(SUM(Z24:Z26)/3) -> 0 | AB24: =(Z24-AA$24) -> 0 | AC24: =(AB24*AB24) -> 0 | AD24: =(SQRT(SUM(AC24:AC26)/2)) -> 0 | AE24: =((AD24/AA24)*100) -> #DIV/0! | AG24: 8 | AI24: =(SUM(AH24:AH26)/3) -> 0 | AJ24: =(AH24-AI$24) -> 0 | AK24: =(AJ24*AJ24) -> 0 | AL24: =(SQRT(SUM(AK24:AK26)/2)) -> 0 | AM24: =((AL24/AI24)*100) -> #DIV/0! | AO24: 8 | AQ24: =(SUM(AP24:AP26)/3) -> 0 | AR24: =(AP24-AQ$24) -> 0 | AS24: =(AR24*AR24) -> 0 | AT24: =(SQRT(SUM(AS24:AS26)/2)) -> 0 | AU24: =((AT24/AQ24)*100) -> #DIV/0!
B25: 58.51 | D25: =(B25-C$24) -> 0.22 | E25: =(D25*D25) -> 0.0484 | J25: 5.87 | L25: =(J25-K$24) -> 0.03 | M25: =(L25*L25) -> 0.0009 | R25: 16.19 | T25: =(R25-S$24) -> -0.22333333 | U25: =(T25*T25) -> 0.049877778 | AB25: =(Z25-AA$24) -> 0 | AC25: =(AB25*AB25) -> 0 | AJ25: =(AH25-AI$24) -> 0 | AK25: =(AJ25*AJ25) -> 0 | AR25: =(AP25-AQ$24) -> 0 | AS25: =(AR25*AR25) -> 0
B26: 58.72 | D26: =(B26-C$24) -> 0.43 | E26: =(D26*D26) -> 0.1849 | J26: 5.73 | L26: =(J26-K$24) -> -0.11 | M26: =(L26*L26) -> 0.0121 | R26: 16.83 | T26: =(R26-S$24) -> 0.41666667 | U26: =(T26*T26) -> 0.17361111 | AB26: =(Z26-AA$24) -> 0 | AC26: =(AB26*AB26) -> 0 | AJ26: =(AH26-AI$24) -> 0 | AK26: =(AJ26*AJ26) -> 0 | AR26: =(AP26-AQ$24) -> 0 | AS26: =(AR26*AR26) -> 0
A27: 9 | B27: 57.6 | C27: =(SUM(B27:B29)/3) -> 58.146667 | D27: =(B27-C$27) -> -0.54666667 | E27: =(D27*D27) -> 0.29884444 | F27: =(SQRT(SUM(E27:E29)/2)) -> 0.53078558 | G27: =((F27/C27)*100) -> 0.91283922 | I27: 9 | J27: 6.51 | K27: =(SUM(J27:J29)/3) -> 6.3366667 | L27: =(J27-K$27) -> 0.17333333 | M27: =(L27*L27) -> 0.030044444 | N27: =(SQRT(SUM(M27:M29)/2)) -> 0.17502381 | O27: =((N27/K27)*100) -> 2.7620801 | Q27: 9 | R27: 16.27 | S27: =(SUM(R27:R29)/3) -> 16.246667 | T27: =(R27-S$27) -> 0.023333333 | U27: =(T27*T27) -> 0.00054444444 | V27: =(SQRT(SUM(U27:U29)/2)) -> 0.14640128 | W27: =((V27/S27)*100) -> 0.90111577 | Y27: 9 | AA27: =(SUM(Z27:Z29)/3) -> 0 | AB27: =(Z27-AA$27) -> 0 | AC27: =(AB27*AB27) -> 0 | AD27: =(SQRT(SUM(AC27:AC29)/2)) -> 0 | AE27: =((AD27/AA27)*100) -> #DIV/0! | AG27: 9 | AI27: =(SUM(AH27:AH29)/3) -> 0 | AJ27: =(AH27-AI$27) -> 0 | AK27: =(AJ27*AJ27) -> 0 | AL27: =(SQRT(SUM(AK27:AK29)/2)) -> 0 | AM27: =((AL27/AI27)*100) -> #DIV/0! | AO27: 9 | AQ27: =(SUM(AP27:AP29)/3) -> 0 | AR27: =(AP27-AQ$27) -> 0 | AS27: =(AR27*AR27) -> 0 | AT27: =(SQRT(SUM(AS27:AS29)/2)) -> 0 | AU27: =((AT27/AQ27)*100) -> #DIV/0!
B28: 58.66 | D28: =(B28-C$27) -> 0.51333333 | E28: =(D28*D28) -> 0.26351111 | J28: 6.16 | L28: =(J28-K$27) -> -0.17666667 | M28: =(L28*L28) -> 0.031211111 | R28: 16.09 | T28: =(R28-S$27) -> -0.15666667 | U28: =(T28*T28) -> 0.024544444 | AB28: =(Z28-AA$27) -> 0 | AC28: =(AB28*AB28) -> 0 | AJ28: =(AH28-AI$27) -> 0 | AK28: =(AJ28*AJ28) -> 0 | AR28: =(AP28-AQ$27) -> 0 | AS28: =(AR28*AR28) -> 0
B29: 58.18 | D29: =(B29-C$27) -> 0.033333333 | E29: =(D29*D29) -> 0.0011111111 | J29: 6.34 | L29: =(J29-K$27) -> 0.0033333333 | M29: =(L29*L29) -> 1.1111111e-05 | R29: 16.38 | T29: =(R29-S$27) -> 0.13333333 | U29: =(T29*T29) -> 0.017777778 | AB29: =(Z29-AA$27) -> 0 | AC29: =(AB29*AB29) -> 0 | AJ29: =(AH29-AI$27) -> 0 | AK29: =(AJ29*AJ29) -> 0 | AR29: =(AP29-AQ$27) -> 0 | AS29: =(AR29*AR29) -> 0
A30: 0 | B30: 62.05 | I30: 0 | J30: 3.8 | Q30: 0 | R30: 17.18
A31: 0 | B31: 62.15 | I31: 0 | J31: 3.77 | Q31: 0 | R31: 17.21
A32: 0 | B32: 62.13 | I32: 0 | J32: 3.82 | Q32: 0 | R32: 17.19

Sheet Zone inihibition
A1: Staph | I1: e coli | Q1: salmonella
A2: Treatment | B2: INPUT HERE!!! | C2: Mean | D2: (xi-Mean) | E2: (xi-Mean)^2 | F2: SD | G2: %CV | I2: Treatment | J2: INPUT HERE!!! | K2: Mean | L2: (xi-Mean) | M2: (xi-Mean)^2 | N2: SD | O2: %CV | Q2: Treatment | R2: INPUT HERE!!! | S2: Mean | T2: (xi-Mean) | U2: (xi-Mean)^2 | V2: SD | W2: %CV
A3: 1 | B3: 6.5 | C3: =(SUM(B3:B5)/3) -> 6.3333333 | D3: =(B3-C3) -> 0.16666667 | E3: =(D3*D3) -> 0.027777778 | F3: =(SQRT(SUM(E3:E5)/2)) -> 0.28867513 | G3: =((F3/C3)*100) -> 4.5580284 | I3: 1 | J3: 6.5 | K3: =(SUM(J3:J5)/3) -> 4.1666667 | L3: =(J3-K3) -> 2.3333333 | M3: =(L3*L3) -> 5.4444444 | N3: =(SQRT(SUM(M3:M5)/2)) -> 3.6170891 | O3: =((N3/K3)*100) -> 86.810138 | Q3: 1 | R3: 6 | S3: =(SUM(R3:R5)/3) -> 6 | T3: =(R3-S3) -> 0 | U3: =(T3*T3) -> 0 | V3: =(SQRT(SUM(U3:U5)/2)) -> 0 | W3: =((V3/S3)*100) -> 0
B4: 6.5 | D4: =(B4-C3) -> 0.16666667 | E4: =(D4*D4) -> 0.027777778 | L4: =(J4-K3) -> -4.1666667 | M4: =(L4*L4) -> 17.361111 | R4: 6 | T4: =(R4-S3) -> 0 | U4: =(T4*T4) -> 0
B5: 6 | D5: =(B5-C3) -> -0.33333333 | E5: =(D5*D5) -> 0.11111111 | J5: 6 | L5: =(J5-K3) -> 1.8333333 | M5: =(L5*L5) -> 3.3611111 | R5: 6 | T5: =(R5-S3) -> 0 | U5: =(T5*T5) -> 0
A6: 2 | B6: 6 | C6: =(SUM(B6:B8)/3) -> 6.1666667 | D6: =(B6-C$6) -> -0.16666667 | E6: =(D6*D6) -> 0.027777778 | F6: =(SQRT(SUM(E6:E8)/2)) -> 0.28867513 | G6: =((F6/C6)*100) -> 4.6812184 | I6: 2 | J6: 6.5 | K6: =(SUM(J6:J8)/3) -> 6.3333333 | L6: =(J6-K$6) -> 0.16666667 | M6: =(L6*L6) -> 0.027777778 | N6: =(SQRT(SUM(M6:M8)/2)) -> 0.28867513 | O6: =((N6/K6)*100) -> 4.5580284 | Q6: 2 | R6: 6 | S6: =(SUM(R6:R8)/3) -> 6 | T6: =(R6-S$6) -> 0 | U6: =(T6*T6) -> 0 | V6: =(SQRT(SUM(U6:U8)/2)) -> 0 | W6: =((V6/S6)*100) -> 0
B7: 6.5 | D7: =(B7-C$6) -> 0.33333333 | E7: =(D7*D7) -> 0.11111111 | J7: 6 | L7: =(J7-K$6) -> -0.33333333 | M7: =(L7*L7) -> 0.11111111 | R7: 6 | T7: =(R7-S$6) -> 0 | U7: =(T7*T7) -> 0
B8: 6 | D8: =(B8-C$6) -> -0.16666667 | E8: =(D8*D8) -> 0.027777778 | J8: 6.5 | L8: =(J8-K$6) -> 0.16666667 | M8: =(L8*L8) -> 0.027777778 | R8: 6 | T8: =(R8-S$6) -> 0 | U8: =(T8*T8) -> 0
A9: 3 | B9: 6.5 | C9: =(SUM(B9:B11)/3) -> 6.5 | D9: =(B9-C$9) -> 0 | E9: =(D9*D9) -> 0 | F9: =(SQRT(SUM(E9:E11)/2)) -> 0 | G9: =((F9/C9)*100) -> 0 | I9: 3 | J9: 6.5 | K9: =(SUM(J9:J11)/3) -> 6.1666667 | L9: =(J9-K$9) -> 0.33333333 | M9: =(L9*L9) -> 0.11111111 | N9: =(SQRT(SUM(M9:M11)/2)) -> 0.28867513 | O9: =((N9/K9)*100) -> 4.6812184 | Q9: 3 | R9: 6 | S9: =(SUM(R9:R11)/3) -> 6 | T9: =(R9-S$9) -> 0 | U9: =(T9*T9) -> 0 | V9: =(SQRT(SUM(U9:U11)/2)) -> 0 | W9: =((V9/S9)*100) -> 0
B10: 6.5 | D10: =(B10-C$9) -> 0 | E10: =(D10*D10) -> 0 | J10: 6 | L10: =(J10-K$9) -> -0.16666667 | M10: =(L10*L10) -> 0.027777778 | R10: 6 | T10: =(R10-S$9) -> 0 | U10: =(T10*T10) -> 0
B11: 6.5 | D11: =(B11-C$9) -> 0 | E11: =(D11*D11) -> 0 | J11: 6 | L11: =(J11-K$9) -> -0.16666667 | M11: =(L11*L11) -> 0.027777778 | R11: 6 | T11: =(R11-S$9) -> 0 | U11: =(T11*T11) -> 0
A12: 4 | B12: 6.5 | C12: =(SUM(B12:B14)/3) -> 6.3333333 | D12: =(B12-C$12) -> 0.16666667 | E12: =(D12*D12) -> 0.027777778 | F12: =(SQRT(SUM(E12:E14)/2)) -> 0.28867513 | G12: =((F12/C12)*100) -> 4.5580284 | I12: 4 | J12: 6 | K12: =(SUM(J12:J14)/3) -> 6.3333333 | L12: =(J12-K$12) -> -0.33333333 | M12: =(L12*L12) -> 0.11111111 | N12: =(SQRT(SUM(M12:M14)/2)) -> 0.28867513 | O12: =((N12/K12)*100) -> 4.5580284 | Q12: 4 | R12: 6 | S12: =(SUM(R12:R14)/3) -> 6 | T12: =(R12-S$12) -> 0 | U12: =(T12*T12) -> 0 | V12: =(SQRT(SUM(U12:U14)/2)) -> 0 | W12: =((V12/S12)*100) -> 0
B13: 6.5 | D13: =(B13-C$12) -> 0.16666667 | E13: =(D13*D13) -> 0.027777778 | J13: 6.5 | L13: =(J13-K$12) -> 0.16666667 | M13: =(L13*L13) -> 0.027777778 | R13: 6 | T13: =(R13-S$12) -> 0 | U13: =(T13*T13) -> 0
B14: 6 | D14: =(B14-C$12) -> -0.33333333 | E14: =(D14*D14) -> 0.11111111 | J14: 6.5 | L14: =(J14-K$12) -> 0.16666667 | M14: =(L14*L14) -> 0.027777778 | R14: 6 | T14: =(R14-S$12) -> 0 | U14: =(T14*T14) -> 0
A15: 5 | B15: 7 | C15: =(SUM(B15:B17)/3) -> 6.8333333 | D15: =(B15-C$15) -> 0.16666667 | E15: =(D15*D15) -> 0.027777778 | F15: =(SQRT(SUM(E15:E17)/2)) -> 0.28867513 | G15: =((F15/C15)*100) -> 4.2245142 | I15: 5 | J15: 6.5 | K15: =(SUM(J15:J17)/3) -> 6.3333333 | L15: =(J15-K$15) -> 0.16666667 | M15: =(L15*L15) -> 0.027777778 | N15: =(SQRT(SUM(M15:M17)/2)) -> 0.28867513 | O15: =((N15/K15)*100) -> 4.5580284 | Q15: 5 | R15: 6 | S15: =(SUM(R15:R17)/3) -> 6 | T15: =(R15-S$15) -> 0 | U15: =(T15*T15) -> 0 | V15: =(SQRT(SUM(U15:U17)/2)) -> 0 | W15: =((V15/S15)*100) -> 0
B16: 6.5 | D16: =(B16-C$15) -> -0.33333333 | E16: =(D16*D16) -> 0.11111111 | J16: 6.5 | L16: =(J16-K$15) -> 0.16666667 | M16: =(L16*L16) -> 0.027777778 | R16: 6 | T16: =(R16-S$15) -> 0 | U16: =(T16*T16) -> 0
B17: 7 | D17: =(B17-C$15) -> 0.16666667 | E17: =(D17*D17) -> 0.027777778 | J17: 6 | L17: =(J17-K$15) -> -0.33333333 | M17: =(L17*L17) -> 0.11111111 | R17: 6 | T17: =(R17-S$15) -> 0 | U17: =(T17*T17) -> 0
A18: 6 | B18: 6.5 | C18: =(SUM(B18:B20)/3) -> 6.8333333 | D18: =(B18-C$18) -> -0.33333333 | E18: =(D18*D18) -> 0.11111111 | F18: =(SQRT(SUM(E18:E20)/2)) -> 0.28867513 | G18: =((F18/C18)*100) -> 4.2245142 | I18: 6 | J18: 6.5 | K18: =(SUM(J18:J20)/3) -> 6.5 | L18: =(J18-K$18) -> 0 | M18: =(L18*L18) -> 0 | N18: =(SQRT(SUM(M18:M20)/2)) -> 0 | O18: =((N18/K18)*100) -> 0 | Q18: 6 | R18: 6 | S18: =(SUM(R18:R20)/3) -> 6 | T18: =(R18-S$18) -> 0 | U18: =(T18*T18) -> 0 | V18: =(SQRT(SUM(U18:U20)/2)) -> 0 | W18: =((V18/S18)*100) -> 0
B19: 7 | D19: =(B19-C$18) -> 0.16666667 | E19: =(D19*D19) -> 0.027777778 | J19: 6.5 | L19: =(J19-K$18) -> 0 | M19: =(L19*L19) -> 0 | R19: 6 | T19: =(R19-S$18) -> 0 | U19: =(T19*T19) -> 0
B20: 7 | D20: =(B20-C$18) -> 0.16666667 | E20: =(D20*D20) -> 0.027777778 | J20: 6.5 | L20: =(J20-K$18) -> 0 | M20: =(L20*L20) -> 0 | R20: 6 | T20: =(R20-S$18) -> 0 | U20: =(T20*T20) -> 0
A21: 7 | B21: 6.25 | C21: =(SUM(B21:B23)/3) -> 6.25 | D21: =(B21-C$21) -> 0 | E21: =(D21*D21) -> 0 | F21: =(SQRT(SUM(E21:E23)/2)) -> 0 | G21: =((F21/C21)*100) -> 0 | I21: 7 | J21: 6 | K21: =(SUM(J21:J23)/3) -> 6 | L21: =(J21-K$21) -> 0 | M21: =(L21*L21) -> 0 | N21: =(SQRT(SUM(M21:M23)/2)) -> 0 | O21: =((N21/K21)*100) -> 0 | Q21: 7 | R21: 6 | S21: =(SUM(R21:R23)/3) -> 6 | T21: =(R21-S$21) -> 0 | U21: =(T21*T21) -> 0 | V21: =(SQRT(SUM(U21:U23)/2)) -> 0 | W21: =((V21/S21)*100) -> 0
B22: 6.25 | D22: =(B22-C$21) -> 0 | E22: =(D22*D22) -> 0 | J22: 6 | L22: =(J22-K$21) -> 0 | M22: =(L22*L22) -> 0 | R22: 6 | T22: =(R22-S$21) -> 0 | U22: =(T22*T22) -> 0
B23: 6.25 | D23: =(B23-C$21) -> 0 | E23: =(D23*D23) -> 0 | J23: 6 | L23: =(J23-K$21) -> 0 | M23: =(L23*L23) -> 0 | R23: 6 | T23: =(R23-S$21) -> 0 | U23: =(T23*T23) -> 0
A24: 8 | B24: 6 | C24: =(SUM(B24:B26)/3) -> 6 | D24: =(B24-C$24) -> 0 | E24: =(D24*D24) -> 0 | F24: =(SQRT(SUM(E24:E26)/2)) -> 0 | G24: =((F24/C24)*100) -> 0 | I24: 8 | J24: 6 | K24: =(SUM(J24:J26)/3) -> 6 | L24: =(J24-K$24) -> 0 | M24: =(L24*L24) -> 0 | N24: =(SQRT(SUM(M24:M26)/2)) -> 0 | O24: =((N24/K24)*100) -> 0 | Q24: 8 | R24: 6 | S24: =(SUM(R24:R26)/3) -> 6 | T24: =(R24-S$24) -> 0 | U24: =(T24*T24) -> 0 | V24: =(SQRT(SUM(U24:U26)/2)) -> 0 | W24: =((V24/S24)*100) -> 0
B25: 6 | D25: =(B25-C$24) -> 0 | E25: =(D25*D25) -> 0 | J25: 6 | L25: =(J25-K$24) -> 0 | M25: =(L25*L25) -> 0 | R25: 6 | T25: =(R25-S$24) -> 0 | U25: =(T25*T25) -> 0
B26: 6 | D26: =(B26-C$24) -> 0 | E26: =(D26*D26) -> 0 | J26: 6 | L26: =(J26-K$24) -> 0 | M26: =(L26*L26) -> 0 | R26: 6 | T26: =(R26-S$24) -> 0 | U26: =(T26*T26) -> 0
A27: 9 | B27: 6 | C27: =(SUM(B27:B29)/3) -> 6 | D27: =(B27-C$27) -> 0 | E27: =(D27*D27) -> 0 | F27: =(SQRT(SUM(E27:E29)/2)) -> 0 | G27: =((F27/C27)*100) -> 0 | I27: 9 | J27: 6 | K27: =(SUM(J27:J29)/3) -> 6 | L27: =(J27-K$27) -> 0 | M27: =(L27*L27) -> 0 | N27: =(SQRT(SUM(M27:M29)/2)) -> 0 | O27: =((N27/K27)*100) -> 0 | Q27: 9 | R27: 6 | S27: =(SUM(R27:R29)/3) -> 6 | T27: =(R27-S$27) -> 0 | U27: =(T27*T27) -> 0 | V27: =(SQRT(SUM(U27:U29)/2)) -> 0 | W27: =((V27/S27)*100) -> 0
B28: 6 | D28: =(B28-C$27) -> 0 | E28: =(D28*D28) -> 0 | J28: 6 | L28: =(J28-K$27) -> 0 | M28: =(L28*L28) -> 0 | R28: 6 | T28: =(R28-S$27) -> 0 | U28: =(T28*T28) -> 0
B29: 6 | D29: =(B29-C$27) -> 0 | E29: =(D29*D29) -> 0 | J29: 6 | L29: =(J29-K$27) -> 0 | M29: =(L29*L29) -> 0 | R29: 6 | T29: =(R29-S$27) -> 0 | U29: =(T29*T29) -> 0
A30: 0 | B30: 6.25 | I30: 0 | J30: 6.5 | Q30: 0 | R30: 6
A31: 0 | B31: 6 | I31: 0 | J31: 6.5 | Q31: 0 | R31: 6
A32: 0 | B32: 6.25 | I32: 0 | J32: 6 | Q32: 0 | R32: 6

Sheet Aw
A1: Treatment | B1: INPUT HERE!!! | C1: Mean | D1: (xi-Mean) | E1: (xi-Mean)^2 | F1: SD | G1: %CV
A2: 1 | B2: 0.628 | C2: =(SUM(B2:B4)/3) -> 0.63233333 | D2: =(B2-C2) -> -0.0043333333 | E2: =(D2*D2) -> 1.8777778e-05 | F2: =(SQRT(SUM(E2:E4)/2)) -> 0.0037859389 | G2: =((F2/C2)*100) -> 0.59872518
B3: 0.635 | D3: =(B3-C2) -> 0.0026666667 | E3: =(D3*D3) -> 7.1111111e-06
B4: 0.634 | D4: =(B4-C2) -> 0.0016666667 | E4: =(D4*D4) -> 2.7777778e-06
A5: 2 | B5: 0.631 | C5: =(SUM(B5:B7)/3) -> 0.629 | D5: =(B5-C$5) -> 0.002 | E5: =(D5*D5) -> 4e-06 | F5: =(SQRT(SUM(E5:E7)/2)) -> 0.0017320508 | G5: =((F5/C5)*100) -> 0.27536579
B6: 0.628 | D6: =(B6-C$5) -> -0.001 | E6: =(D6*D6) -> 1e-06
B7: 0.628 | D7: =(B7-C$5) -> -0.001 | E7: =(D7*D7) -> 1e-06
A8: 3 | B8: 0.599 | C8: =(SUM(B8:B10)/3) -> 0.607 | D8: =(B8-C$8) -> -0.008 | E8: =(D8*D8) -> 6.4e-05 | F8: =(SQRT(SUM(E8:E10)/2)) -> 0.0072111026 | G8: =((F8/C8)*100) -> 1.1879905
B9: 0.609 | D9: =(B9-C$8) -> 0.002 | E9: =(D9*D9) -> 4e-06
B10: 0.613 | D10: =(B10-C$8) -> 0.006 | E10: =(D10*D10) -> 3.6e-05
A11: 4 | B11: 0.625 | C11: =(SUM(B11:B13)/3) -> 0.62 | D11: =(B11-C$11) -> 0.005 | E11: =(D11*D11) -> 2.5e-05 | F11: =(SQRT(SUM(E11:E13)/2)) -> 0.009539392 | G11: =((F11/C11)*100) -> 1.5386116
B12: 0.609 | D12: =(B12-C$11) -> -0.011 | E12: =(D12*D12) -> 0.000121
B13: 0.626 | D13: =(B13-C$11) -> 0.006 | E13: =(D13*D13) -> 3.6e-05
A14: 5 | B14: 0.596 | C14: =(SUM(B14:B16)/3) -> 0.57866667 | D14: =(B14-C$14) -> 0.017333333 | E14: =(D14*D14) -> 0.00030044444 | F14: =(SQRT(SUM(E14:E16)/2)) -> 0.017502381 | G14: =((F14/C14)*100) -> 3.024605
B15: 0.579 | D15: =(B15-C$14) -> 0.00033333333 | E15: =(D15*D15) -> 1.1111111e-07
B16: 0.561 | D16: =(B16-C$14) -> -0.017666667 | E16: =(D16*D16) -> 0.00031211111
A17: 6 | B17: 0.579 | C17: =(SUM(B17:B19)/3) -> 0.56866667 | D17: =(B17-C$17) -> 0.010333333 | E17: =(D17*D17) -> 0.00010677778 | F17: =(SQRT(SUM(E17:E19)/2)) -> 0.010503968 | G17: =((F17/C17)*100) -> 1.8471221
B18: 0.569 | D18: =(B18-C$17) -> 0.00033333333 | E18: =(D18*D18) -> 1.1111111e-07
B19: 0.558 | D19: =(B19-C$17) -> -0.010666667 | E19: =(D19*D19) -> 0.00011377778
A20: 7 | B20: 0.627 | C20: =(SUM(B20:B22)/3) -> 0.62566667 | D20: =(B20-C$20) -> 0.0013333333 | E20: =(D20*D20) -> 1.7777778e-06 | F20: =(SQRT(SUM(E20:E22)/2)) -> 0.0032145503 | G20: =((F20/C20)*100) -> 0.51378001
B21: 0.622 | D21: =(B21-C$20) -> -0.0036666667 | E21: =(D21*D21) -> 1.3444444e-05
B22: 0.628 | D22: =(B22-C$20) -> 0.0023333333 | E22: =(D22*D22) -> 5.4444444e-06
A23: 8 | B23: 0.622 | C23: =(SUM(B23:B25)/3) -> 0.61933333 | D23: =(B23-C$23) -> 0.0026666667 | E23: =(D23*D23) -> 7.1111111e-06 | F23: =(SQRT(SUM(E23:E25)/2)) -> 0.0023094011 | G23: =((F23/C23)*100) -> 0.372885
B24: 0.618 | D24: =(B24-C$23) -> -0.0013333333 | E24: =(D24*D24) -> 1.7777778e-06
B25: 0.618 | D25: =(B25-C$23) -> -0.0013333333 | E25: =(D25*D25) -> 1.7777778e-06
A26: 9 | B26: 0.608 | C26: =(SUM(B26:B28)/3) -> 0.60733333 | D26: =(B26-C$26) -> 0.00066666667 | E26: =(D26*D26) -> 4.4444444e-07 | F26: =(SQRT(SUM(E26:E28)/2)) -> 0.0011547005 | G26: =((F26/C26)*100) -> 0.19012632
B27: 0.606 | D27: =(B27-C$26) -> -0.0013333333 | E27: =(D27*D27) -> 1.7777778e-06
B28: 0.608 | D28: =(B28-C$26) -> 0.00066666667 | E28: =(D28*D28) -> 4.4444444e-07
A29: 0 | B29: 0.651
A30: 0 | B30: 0.664
A31: 0 | B31: 0.662

Sheet %MC
A1: Treatment | B1: INPUT HERE!!! | C1: Mean | D1: (xi-Mean) | E1: (xi-Mean)^2 | F1: SD | G1: %CV
A2: 1 | B2: 10.38 | C2: =(SUM(B2:B4)/3) -> 10.403333 | D2: =(B2-C2) -> -0.023333333 | E2: =(D2*D2) -> 0.00054444444 | F2: =(SQRT(SUM(E2:E4)/2)) -> 0.058594653 | G2: =((F2/C2)*100) -> 0.5632296
B3: 10.47 | D3: =(B3-C2) -> 0.066666667 | E3: =(D3*D3) -> 0.0044444444
B4: 10.36 | D4: =(B4-C2) -> -0.043333333 | E4: =(D4*D4) -> 0.0018777778
A5: 2 | B5: 9.91 | C5: =(SUM(B5:B7)/3) -> 9.9 | D5: =(B5-C$5) -> 0.01 | E5: =(D5*D5) -> 0.0001 | F5: =(SQRT(SUM(E5:E7)/2)) -> 0.20518285 | G5: =((F5/C5)*100) -> 2.072554
B6: 9.69 | D6: =(B6-C$5) -> -0.21 | E6: =(D6*D6) -> 0.0441
B7: 10.1 | D7: =(B7-C$5) -> 0.2 | E7: =(D7*D7) -> 0.04
A8: 3 | B8: 9.83 | C8: =(SUM(B8:B10)/3) -> 9.7566667 | D8: =(B8-C$8) -> 0.073333333 | E8: =(D8*D8) -> 0.0053777778 | F8: =(SQRT(SUM(E8:E10)/2)) -> 0.066583281 | G8: =((F8/C8)*100) -> 0.68243882
B9: 9.74 | D9: =(B9-C$8) -> -0.016666667 | E9: =(D9*D9) -> 0.00027777778
B10: 9.7 | D10: =(B10-C$8) -> -0.056666667 | E10: =(D10*D10) -> 0.0032111111
A11: 4 | B11: 10.29 | C11: =(SUM(B11:B13)/3) -> 10.133333 | D11: =(B11-C$11) -> 0.15666667 | E11: =(D11*D11) -> 0.024544444 | F11: =(SQRT(SUM(E11:E13)/2)) -> 0.23755701 | G11: =((F11/C11)*100) -> 2.3443126
B12: 9.86 | D12: =(B12-C$11) -> -0.27333333 | E12: =(D12*D12) -> 0.074711111
B13: 10.25 | D13: =(B13-C$11) -> 0.11666667 | E13: =(D13*D13) -> 0.013611111
A14: 5 | B14: 8.83 | C14: =(SUM(B14:B16)/3) -> 8.93 | D14: =(B14-C$14) -> -0.1 | E14: =(D14*D14) -> 0.01 | F14: =(SQRT(SUM(E14:E16)/2)) -> 0.08660254 | G14: =((F14/C14)*100) -> 0.96979329
B15: 8.98 | D15: =(B15-C$14) -> 0.05 | E15: =(D15*D15) -> 0.0025
B16: 8.98 | D16: =(B16-C$14) -> 0.05 | E16: =(D16*D16) -> 0.0025
A17: 6 | B17: 8.34 | C17: =(SUM(B17:B19)/3) -> 8.29 | D17: =(B17-C$17) -> 0.05 | E17: =(D17*D17) -> 0.0025 | F17: =(SQRT(SUM(E17:E19)/2)) -> 0.043588989 | G17: =((F17/C17)*100) -> 0.52580204
B18: 8.27 | D18: =(B18-C$17) -> -0.02 | E18: =(D18*D18) -> 0.0004
B19: 8.26 | D19: =(B19-C$17) -> -0.03 | E19: =(D19*D19) -> 0.0009
A20: 7 | B20: 8.85 | C20: =(SUM(B20:B22)/3) -> 8.7866667 | D20: =(B20-C$20) -> 0.063333333 | E20: =(D20*D20) -> 0.0040111111 | F20: =(SQRT(SUM(E20:E22)/2)) -> 0.060277138 | G20: =((F20/C20)*100) -> 0.68600688
B21: 8.78 | D21: =(B21-C$20) -> -0.0066666667 | E21: =(D21*D21) -> 4.4444444e-05
B22: 8.73 | D22: =(B22-C$20) -> -0.056666667 | E22: =(D22*D22) -> 0.0032111111
A23: 8 | B23: 8.56 | C23: =(SUM(B23:B25)/3) -> 8.5066667 | D23: =(B23-C$23) -> 0.053333333 | E23: =(D23*D23) -> 0.0028444444 | F23: =(SQRT(SUM(E23:E25)/2)) -> 0.10115994 | G23: =((F23/C23)*100) -> 1.1891842
B24: 8.57 | D24: =(B24-C$23) -> 0.063333333 | E24: =(D24*D24) -> 0.0040111111
B25: 8.39 | D25: =(B25-C$23) -> -0.11666667 | E25: =(D25*D25) -> 0.013611111
A26: 9 | B26: 8.04 | C26: =(SUM(B26:B28)/3) -> 8.03 | D26: =(B26-C$26) -> 0.01 | E26: =(D26*D26) -> 0.0001 | F26: =(SQRT(SUM(E26:E28)/2)) -> 0.026457513 | G26: =((F26/C26)*100) -> 0.32948335
B27: 8 | D27: =(B27-C$26) -> -0.03 | E27: =(D27*D27) -> 0.0009
B28: 8.05 | D28: =(B28-C$26) -> 0.02 | E28: =(D28*D28) -> 0.0004
A29: 0 | B29: 12.05
A30: 0 | B30: 11.93
A31: 0 | B31: 11.88

Sheet WSI
A1: Treatment | B1: INPUT HERE!!! | C1: Mean | D1: (xi-Mean) | E1: (xi-Mean)^2 | F1: SD | G1: %CV
A2: 1 | B2: 15.8409 | C2: =(SUM(B2:B4)/3) -> 17.874333 | D2: =(B2-C2) -> -2.0334333 | E2: =(D2*D2) -> 4.1348511 | F2: =(SQRT(SUM(E2:E4)/2)) -> 1.7928947 | G2: =((F2/C2)*100) -> 10.030554
B3: 19.2277 | D3: =(B3-C2) -> 1.3533667 | E3: =(D3*D3) -> 1.8316013
B4: 18.5544 | D4: =(B4-C2) -> 0.68006667 | E4: =(D4*D4) -> 0.46249067
A5: 2 | B5: 11.4008 | C5: =(SUM(B5:B7)/3) -> 10.5237 | D5: =(B5-C$5) -> 0.8771 | E5: =(D5*D5) -> 0.76930441 | F5: =(SQRT(SUM(E5:E7)/2)) -> 0.76572767 | G5: =((F5/C5)*100) -> 7.276221
B6: 10.1819 | D6: =(B6-C$5) -> -0.3418 | E6: =(D6*D6) -> 0.11682724
B7: 9.9884 | D7: =(B7-C$5) -> -0.5353 | E7: =(D7*D7) -> 0.28654609
A8: 3 | B8: 10.7592 | C8: =(SUM(B8:B10)/3) -> 10.633033 | D8: =(B8-C$8) -> 0.12616667 | E8: =(D8*D8) -> 0.015918028 | F8: =(SQRT(SUM(E8:E10)/2)) -> 0.21078089 | G8: =((F8/C8)*100) -> 1.9823213
B9: 10.7502 | D9: =(B9-C$8) -> 0.11716667 | E9: =(D9*D9) -> 0.013728028
B10: 10.3897 | D10: =(B10-C$8) -> -0.24333333 | E10: =(D10*D10) -> 0.059211111
A11: 4 | B11: 9.5856 | C11: =(SUM(B11:B13)/3) -> 9.5154333 | D11: =(B11-C$11) -> 0.070166667 | E11: =(D11*D11) -> 0.0049233611 | F11: =(SQRT(SUM(E11:E13)/2)) -> 0.08916324 | G11: =((F11/C11)*100) -> 0.93703814
B12: 9.4151 | D12: =(B12-C$11) -> -0.10033333 | E12: =(D12*D12) -> 0.010066778
B13: 9.5456 | D13: =(B13-C$11) -> 0.030166667 | E13: =(D13*D13) -> 0.00091002778
A14: 5 | B14: 9.1846 | C14: =(SUM(B14:B16)/3) -> 9.2498667 | D14: =(B14-C$14) -> -0.065266667 | E14: =(D14*D14) -> 0.0042597378 | F14: =(SQRT(SUM(E14:E16)/2)) -> 0.086062845 | G14: =((F14/C14)*100) -> 0.93042255
B15: 9.3474 | D15: =(B15-C$14) -> 0.097533333 | E15: =(D15*D15) -> 0.0095127511
B16: 9.2176 | D16: =(B16-C$14) -> -0.032266667 | E16: =(D16*D16) -> 0.0010411378
A17: 6 | B17: 8.3783 | C17: =(SUM(B17:B19)/3) -> 8.5520667 | D17: =(B17-C$17) -> -0.17376667 | E17: =(D17*D17) -> 0.030194854 | F17: =(SQRT(SUM(E17:E19)/2)) -> 0.22394723 | G17: =((F17/C17)*100) -> 2.6186329
B18: 8.4731 | D18: =(B18-C$17) -> -0.078966667 | E18: =(D18*D18) -> 0.0062357344
B19: 8.8048 | D19: =(B19-C$17) -> 0.25273333 | E19: =(D19*D19) -> 0.063874138
A20: 7 | B20: 9.5637 | C20: =(SUM(B20:B22)/3) -> 9.8851333 | D20: =(B20-C$20) -> -0.32143333 | E20: =(D20*D20) -> 0.10331939 | F20: =(SQRT(SUM(E20:E22)/2)) -> 0.28789658 | G20: =((F20/C20)*100) -> 2.9124198
B21: 10.1193 | D21: =(B21-C$20) -> 0.23416667 | E21: =(D21*D21) -> 0.054834028
B22: 9.9724 | D22: =(B22-C$20) -> 0.087266667 | E22: =(D22*D22) -> 0.0076154711
A23: 8 | B23: 11.1813 | C23: =(SUM(B23:B25)/3) -> 11.568067 | D23: =(B23-C$23) -> -0.38676667 | E23: =(D23*D23) -> 0.14958845 | F23: =(SQRT(SUM(E23:E25)/2)) -> 0.35877074 | G23: =((F23/C23)*100) -> 3.1013889
B24: 11.89 | D24: =(B24-C$23) -> 0.32193333 | E24: =(D24*D24) -> 0.10364107
B25: 11.6329 | D25: =(B25-C$23) -> 0.064833333 | E25: =(D25*D25) -> 0.0042033611
A26: 9 | B26: 8.7349 | C26: =(SUM(B26:B28)/3) -> 8.6738667 | D26: =(B26-C$26) -> 0.061033333 | E26: =(D26*D26) -> 0.0037250678 | F26: =(SQRT(SUM(E26:E28)/2)) -> 0.23224475 | G26: =((F26/C26)*100) -> 2.6775227
B27: 8.8695 | D27: =(B27-C$26) -> 0.19563333 | E27: =(D27*D27) -> 0.038272401
B28: 8.4172 | D28: =(B28-C$26) -> -0.25666667 | E28: =(D28*D28) -> 0.065877778
A29: 0 | B29: 10.1047
A30: 0 | B30: 10.0742
A31: 0 | B31: 10.5544

Sheet DO NOT INPUT ANYTHING HERE!!!
A1: Sample | B1: WAC | C1: Color | I1: Aw | J1: %MC | K1: WSI | L1: pH | M1: TSS
C2: L | D2: a* | E2: b* | F2: C | G2: H | H2: Delta_E
A3: 1 | B3: =('WAC(%)'!B2) -> 285.06 | C3: =(Color!B3) -> 62.48 | D3: =(Color!J3) -> 3.69 | E3: =(Color!R3) -> 17.21 | F3: =(Color!Z3) -> 0 | G3: =(Color!AH3) -> 0 | H3: =(Color!AP3) -> 0 | I3: =(Aw!B2) -> 0.628 | J3: =('%MC'!B2) -> 10.38 | K3: =(WSI!B2) -> 15.8409 | L3: =(#REF!) -> #REF! | M3: =(#REF!) -> #REF!
A4: 1 | B4: =('WAC(%)'!B3) -> 296.55 | C4: =(Color!B4) -> 62.11 | D4: =(Color!J4) -> 3.8 | E4: =(Color!R4) -> 17.49 | F4: =(Color!Z4) -> 0 | G4: =(Color!AH4) -> 0 | H4: =(Color!AP4) -> 0 | I4: =(Aw!B3) -> 0.635 | J4: =('%MC'!B3) -> 10.47 | K4: =(WSI!B3) -> 19.2277 | L4: =(#REF!) -> #REF! | M4: =(#REF!) -> #REF!
A5: 1 | B5: =('WAC(%)'!B4) -> 307.57 | C5: =(Color!B5) -> 61.66 | D5: =(Color!J5) -> 3.86 | E5: =(Color!R5) -> 17.28 | F5: =(Color!Z5) -> 0 | G5: =(Color!AH5) -> 0 | H5: =(Color!AP5) -> 0 | I5: =(Aw!B4) -> 0.634 | J5: =('%MC'!B4) -> 10.36 | K5: =(WSI!B4) -> 18.5544 | L5: =(#REF!) -> #REF! | M5: =(#REF!) -> #REF!
A6: 2 | B6: =('WAC(%)'!B5) -> 330.67 | C6: =(Color!B6) -> 62.04 | D6: =(Color!J6) -> 4 | E6: =(Color!R6) -> 17.6 | F6: =(Color!Z6) -> 0 | G6: =(Color!AH6) -> 0 | H6: =(Color!AP6) -> 0 | I6: =(Aw!B5) -> 0.631 | J6: =('%MC'!B5) -> 9.91 | K6: =(WSI!B5) -> 11.4008 | L6: =(#REF!) -> #REF! | M6: =(#REF!) -> #REF!
A7: 2 | B7: =('WAC(%)'!B6) -> 273.84 | C7: =(Color!B7) -> 61.93 | D7: =(Color!J7) -> 3.95 | E7: =(Color!R7) -> 17.61 | F7: =(Color!Z7) -> 0 | G7: =(Color!AH7) -> 0 | H7: =(Color!AP7) -> 0 | I7: =(Aw!B6) -> 0.628 | J7: =('%MC'!B6) -> 9.69 | K7: =(WSI!B6) -> 10.1819 | L7: =(#REF!) -> #REF! | M7: =(#REF!) -> #REF!
A8: 2 | B8: =('WAC(%)'!B7) -> 301.2 | C8: =(Color!B8) -> 61.65 | D8: =(Color!J8) -> 4.23 | E8: =(Color!R8) -> 17.7 | F8: =(Color!Z8) -> 0 | G8: =(Color!AH8) -> 0 | H8: =(Color!AP8) -> 0 | I8: =(Aw!B7) -> 0.628 | J8: =('%MC'!B7) -> 10.1 | K8: =(WSI!B7) -> 9.9884 | L8: =(#REF!) -> #REF! | M8: =(#REF!) -> #REF!
A9: 3 | B9: =('WAC(%)'!B8) -> 328.73 | C9: =(Color!B9) -> 61.66 | D9: =(Color!J9) -> 3.86 | E9: =(Color!R9) -> 17.22 | F9: =(Color!Z9) -> 0 | G9: =(Color!AH9) -> 0 | H9: =(Color!AP9) -> 0 | I9: =(Aw!B8) -> 0.599 | J9: =('%MC'!B8) -> 9.83 | K9: =(WSI!B8) -> 10.7592 | L9: =(#REF!) -> #REF! | M9: =(#REF!) -> #REF!
A10: 3 | B10: =('WAC(%)'!B9) -> 344.69 | C10: =(Color!B10) -> 61.63 | D10: =(Color!J10) -> 3.87 | E10: =(Color!R10) -> 17.25 | F10: =(Color!Z10) -> 0 | G10: =(Color!AH10) -> 0 | H10: =(Color!AP10) -> 0 | I10: =(Aw!B9) -> 0.609 | J10: =('%MC'!B9) -> 9.74 | K10: =(WSI!B9) -> 10.7502 | L10: =(#REF!) -> #REF! | M10: =(#REF!) -> #REF!
A11: 3 | B11: =('WAC(%)'!B10) -> 326.25 | C11: =(Color!B11) -> 61.57 | D11: =(Color!J11) -> 3.86 | E11: =(Color!R11) -> 17.22 | F11: =(Color!Z11) -> 0 | G11: =(Color!AH11) -> 0 | H11: =(Color!AP11) -> 0 | I11: =(Aw!B10) -> 0.613 | J11: =('%MC'!B10) -> 9.7 | K11: =(WSI!B10) -> 10.3897 | L11: =(#REF!) -> #REF! | M11: =(#REF!) -> #REF!
A12: 4 | B12: =('WAC(%)'!B11) -> 347.16 | C12: =(Color!B12) -> 61.63 | D12: =(Color!J12) -> 3.76 | E12: =(Color!R12) -> 18.76 | F12: =(Color!Z12) -> 0 | G12: =(Color!AH12) -> 0 | H12: =(Color!AP12) -> 0 | I12: =(Aw!B11) -> 0.625 | J12: =('%MC'!B11) -> 10.29 | K12: =(WSI!B11) -> 9.5856 | L12: =(#REF!) -> #REF! | M12: =(#REF!) -> #REF!
A13: 4 | B13: =('WAC(%)'!B12) -> 339.73 | C13: =(Color!B13) -> 61.09 | D13: =(Color!J13) -> 3.77 | E13: =(Color!R13) -> 18.66 | F13: =(Color!Z13) -> 0 | G13: =(Color!AH13) -> 0 | H13: =(Color!AP13) -> 0 | I13: =(Aw!B12) -> 0.609 | J13: =('%MC'!B12) -> 9.86 | K13: =(WSI!B12) -> 9.4151 | L13: =(#REF!) -> #REF! | M13: =(#REF!) -> #REF!
A14: 4 | B14: =('WAC(%)'!B13) -> 336.73 | C14: =(Color!B14) -> 61.15 | D14: =(Color!J14) -> 3.52 | E14: =(Color!R14) -> 18.28 | F14: =(Color!Z14) -> 0 | G14: =(Color!AH14) -> 0 | H14: =(Color!AP14) -> 0 | I14: =(Aw!B13) -> 0.626 | J14: =('%MC'!B13) -> 10.25 | K14: =(WSI!B13) -> 9.5456 | L14: =(#REF!) -> #REF! | M14: =(#REF!) -> #REF!
... A27: 9 | B27: =('WAC(%)'!B26) -> 247.09 | C27: =(Color!B27) -> 57.6 | D27: =(Color!J27) -> 6.51 | E27: =(Color!R27) -> 16.27 | F27: =(Color!Z27) -> 0 | G27: =(Color!AH27) -> 0 | H27: =(Color!AP27) -> 0 | I27: =(Aw!B26) -> 0.608 | J27: =('%MC'!B26) -> 8.04 | K27: =(WSI!B26) -> 8.7349 | L27: =(#REF!) -> #REF! | M27: =(#REF!) -> #REF!
A28: 9 | B28: =('WAC(%)'!B27) -> 298.25 | C28: =(Color!B28) -> 58.66 | D28: =(Color!J28) -> 6.16 | F28: =(Color!Z28) -> 0 | G28: =(Color!AH28) -> 0 | H28: =(Color!AP28) -> 0 | I28: =(Aw!B27) -> 0.606 | J28: =('%MC'!B27) -> 8 | K28: =(WSI!B27) -> 8.8695 | L28: =(#REF!) -> #REF! | M28: =(#REF!) -> #REF!
A29: 9 | B29: =('WAC(%)'!B28) -> 300.55 | C29: =(Color!B29) -> 58.18 | D29: =(Color!J29) -> 6.34 | E29: =(Color!R29) -> 16.38 | F29: =(Color!Z29) -> 0 | G29: =(Color!AH29) -> 0 | H29: =(Color!AP29) -> 0 | I29: =(Aw!B28) -> 0.608 | J29: =('%MC'!B28) -> 8.05 | K29: =(WSI!B28) -> 8.4172 | L29: =(#REF!) -> #REF! | M29: =(#REF!) -> #REF!
B30: =('WAC(%)'!B29) -> 360.62 | C30: =(Color!B30) -> 62.05 | D30: =(Color!J30) -> 3.8 | E30: =(Color!R30) -> 17.18 | F30: =(Color!Z30) -> 0 | G30: =(Color!AH30) -> 0 | H30: =(Color!AP30) -> 0 | I30: =(Aw!B29) -> 0.651 | J30: =('%MC'!B29) -> 12.05 | K30: =(WSI!B29) -> 10.1047 | L30: =(#REF!) -> #REF! | M30: =(#REF!) -> #REF!
B31: =('WAC(%)'!B30) -> 362.04 | C31: =(Color!B31) -> 62.15 | D31: =(Color!J31) -> 3.77 | E31: =(Color!R31) -> 17.21 | F31: =(Color!Z31) -> 0 | G31: =(Color!AH31) -> 0 | H31: =(Color!AP31) -> 0 | I31: =(Aw!B30) -> 0.664 | J31: =('%MC'!B30) -> 11.93 | K31: =(WSI!B30) -> 10.0742 | L31: =(#REF!) -> #REF! | M31: =(#REF!) -> #REF!
B32: =('WAC(%)'!B31) -> 370.15 | C32: =(Color!B32) -> 62.13 | D32: =(Color!J32) -> 3.82 | E32: =(Color!R32) -> 17.19 | F32: =(Color!Z32) -> 0 | G32: =(Color!AH32) -> 0 | H32: =(Color!AP32) -> 0 | I32: =(Aw!B31) -> 0.662 | J32: =('%MC'!B31) -> 11.88 | K32: =(WSI!B31) -> 10.5544 | L32: =(#REF!) -> #REF! | M32: =(#REF!) -> #REF!
